,obfuscate_prob,utility_loss
0,0.0,0.0
1,0.1,0.07699457026855158
2,0.2,0.15555446852223254
3,0.3,0.2305923788093724
4,0.4,0.3148265910091474
5,0.5,0.3843369368487991
6,0.6,0.47018539353323874
7,0.7,0.5547620212297608
8,0.8,0.6238321185735949
9,0.9,0.7075282492784817
10,1.0,0.7917135449787214
