,obfuscate_prob,utility_loss
0,0.0,0.0
1,0.1,0.08149488822579856
2,0.2,0.15364672504035612
3,0.3,0.23602211025778996
4,0.4,0.31580492099985324
5,0.5,0.3930440737660813
6,0.6,0.47806094995842097
7,0.7,0.5454189698185198
8,0.8,0.6353764124639241
9,0.9,0.7072836667808051
10,1.0,0.7900993004940566
